id,url,full_description,all_reviews_text,rating_subscores,all_reviews_text_en,clean_reviews,filtered_reviews
42,https://www.booking.com/hotel/fr/paris-orleans.fr.html?aid=304142&label=gen173nr-1FCAQoggJCDHNlYXJjaF9wYXJpc0gzWARoTYgBAZgBDbgBB8gBDNgBAegBAfgBA4gCAagCA7gC96enuwbAAgHSAiQ5ZjEyZmI3YS05ZmIwLTQ3ZmYtYjM4My0yZGZmNDVmZTA5YTHYAgXgAgE&ucfs=1&arphpl=1&group_adults=2&req_adults=2&no_rooms=1&group_children=0&req_children=0&hpos=18&hapos=43&sr_order=popularity&nflt=SustainablePropertyLevelFilter%3D4&srpvid=524095fbb1e5017d&srepoch=1734988806&from_sustainable_property_sr=1&from=searchresults,"Le Mercure Paris Alesia est un hôtel 4 étoiles situé à proximité des stations de métro et de tramway Porte d’Orléans, à seulement 6 arrêts du parc des expositions de la Porte de Versailles. Une connexion Wi-Fi est disponible gratuitement.

Toutes les chambres comprennent une télévision par satellite à écran LCD et un minibar. Chacune est climatisée et certaines donnent sur le boulevard ou le jardin et le patio.

Un petit-déjeuner américain est servi dans la salle à manger de l’établissement. Lors de votre séjour, vous pourrez savourer un verre sur l’un des canapés colorés du bar-salon contemporain.

Un service de navette aéroport peut être organisé à la réception ouverte 24h/24, qui dispose également d'un bureau d'excursions. Des sites touristiques, comme la cathédrale Notre-Dame et le quartier chic de Saint-Germain, sont accessibles directement en transports en commun.",,{},,,
43,https://www.booking.com/hotel/fr/home-business-grande-bibliotheque.fr.html?aid=304142&label=gen173nr-1FCAQoggJCDHNlYXJjaF9wYXJpc0gzWARoTYgBAZgBDbgBB8gBDNgBAegBAfgBA4gCAagCA7gC96enuwbAAgHSAiQ5ZjEyZmI3YS05ZmIwLTQ3ZmYtYjM4My0yZGZmNDVmZTA5YTHYAgXgAgE&ucfs=1&arphpl=1&group_adults=2&req_adults=2&no_rooms=1&group_children=0&req_children=0&hpos=19&hapos=44&sr_order=popularity&nflt=SustainablePropertyLevelFilter%3D4&srpvid=524095fbb1e5017d&srepoch=1734988806&from_sustainable_property_sr=1&from=searchresults,"L'Appart'City Collection Paris Grande Bibliothèque se situe à proximité de la bibliothèque François-Mitterrand, dans le 13ème arrondissement de Paris. Il propose des appartements et des studios dotés d'un balcon, d'une cuisine équipée et d'une salle de bains privative. Une connexion Wi-Fi est fournie gratuitement dans l'ensemble des locaux. L'AccorHotels Arena se trouve à 1,5 km.

Chaque appartement et studio de l'Appart'City Collection Paris Grande Bibliothèque dispose également de la climatisation.

La réception est ouverte 24h/24. Une sélection de boissons est disponible. Vous pourrez vous détendre dans le salon ou sur la terrasse au printemps et en été.

Le petit-déjeuner se compose d'un choix de pains (notamment sans gluten), de produits AOC du Poitou-Charentes (comme le beurre et les croissants), de salade de fruits, de fruits frais ainsi que de divers fromages. Des yaourts et une grande variété de thés bio sont également proposés.

Vous aurez accès à un parking privé en sous-sol moyennant des frais supplémentaires. Les principaux lieux d'intérêt de Paris sont facilement accessibles à pied, via la ligne 14 du métro ou le RER C. L'arrêt de tramway Avenue de France est accessible à 200 mètres. Vous pourrez également apprécier le style contemporain de la Grande Bibliothèque, œuvre de l'architecte Macary.",,{},,,
44,https://www.booking.com/hotel/fr/bob-by-elegancia.fr.html?aid=304142&label=gen173nr-1FCAQoggJCDHNlYXJjaF9wYXJpc0gzWARoTYgBAZgBDbgBB8gBDNgBAegBAfgBA4gCAagCA7gC96enuwbAAgHSAiQ5ZjEyZmI3YS05ZmIwLTQ3ZmYtYjM4My0yZGZmNDVmZTA5YTHYAgXgAgE&ucfs=1&arphpl=1&group_adults=2&req_adults=2&no_rooms=1&group_children=0&req_children=0&hpos=20&hapos=45&sr_order=popularity&nflt=SustainablePropertyLevelFilter%3D4&srpvid=524095fbb1e5017d&srepoch=1734988806&from_sustainable_property_sr=1&from=searchresults,"Le Bob Hotel est situé à Paris, à 950 mètres de la gare Montparnasse et à 2,6 km du parc des expositions de la porte de Versailles. Une connexion Wi-Fi est disponible gratuitement dans l’ensemble de l’établissement. Lors de votre séjour, vous pourrez profiter d’un hammam sur place.

Les chambres disposent d'une salle de bains avec baignoire ou douche et d'une télévision à écran plat. Toutes les chambres comprennent un bureau. Un coffre-fort est fourni dans chaque chambre.

Le petit-déjeuner vous sera servi tous les jours sur place. L’établissement dispose d'un espace connecté pour travailler individuellement ou en groupe. Sur place, vous trouverez une terrasse où vous pourrez prendre un verre ou une collation.

L’établissement comporte une réception ouverte 24h/24 et une bagagerie. Vous séjournerez à 3 km du musée d'Orsay et à 3,9 km de la cathédrale Notre-Dame. L’aéroport de Paris-Orly se trouve à 12 km.",,{},,,
45,https://www.booking.com/hotel/fr/jules.fr.html?aid=304142&label=gen173nr-1FCAQoggJCDHNlYXJjaF9wYXJpc0gzWARoTYgBAZgBDbgBB8gBDNgBAegBAfgBA4gCAagCA7gC96enuwbAAgHSAiQ5ZjEyZmI3YS05ZmIwLTQ3ZmYtYjM4My0yZGZmNDVmZTA5YTHYAgXgAgE&ucfs=1&arphpl=1&group_adults=2&req_adults=2&no_rooms=1&group_children=0&req_children=0&hpos=21&hapos=46&sr_order=popularity&nflt=SustainablePropertyLevelFilter%3D4&srpvid=524095fbb1e5017d&srepoch=1734988806&from_sustainable_property_sr=1&from=searchresults,"Le NH Paris Opéra Faubourg vous accueille rue La Fayette, au cœur de Paris. Vous séjournerez à proximité de l'opéra Garnier, de l'ancien hôtel des ventes de Drouot et des Grands Boulevards.

Ce superbe quartier est réputé pour ses passages vitrés avec des boutiques chic, des restaurants parisiens traditionnels, des cafés et des grands magasins tels que les Galeries Lafayette ou le Printemps Haussmann, entre autres.

Les hébergements de style contemporain sont décorés dans des tons chocolat et crème. Tous les logements sont équipés d'une salle de bains privative moderne et d'une télévision à écran plat.

Vous pourrez vous détendre autour d’un verre au bar de l'hôtel ou vous relaxer dans l'atmosphère chaleureuse et classique de l'un des salons.",,{},,,
46,https://www.booking.com/hotel/fr/citadines-aparthotel-trocadero.fr.html?aid=304142&label=gen173nr-1FCAQoggJCDHNlYXJjaF9wYXJpc0gzWARoTYgBAZgBDbgBB8gBDNgBAegBAfgBA4gCAagCA7gC96enuwbAAgHSAiQ5ZjEyZmI3YS05ZmIwLTQ3ZmYtYjM4My0yZGZmNDVmZTA5YTHYAgXgAgE&ucfs=1&arphpl=1&group_adults=2&req_adults=2&no_rooms=1&group_children=0&req_children=0&hpos=22&hapos=47&sr_order=popularity&nflt=SustainablePropertyLevelFilter%3D4&srpvid=524095fbb1e5017d&srepoch=1734988806&from_sustainable_property_sr=1&from=searchresults,"Le Citadines Trocadéro Paris se trouve à 500 mètres la station de métro Trocadéro, vous connectant directement aux grands magasins des Champs-Élysées ainsi qu'aux Galeries Lafayette. Il vous propose des appartements entièrement équipés plus une connexion Wi-Fi gratuite.

Les studios et appartements du Citadines Trocadéro Paris sont dotés de la climatisation, d'une cuisine ainsi que d'un coin salon équipé d'une télévision par satellite. Les appartements les plus spacieux sont équipés d'un lave-vaisselle.

Au Citadines Trocadéro Paris, vous pourrez bénéficier, moyennant des frais supplémentaires, de services additionnels allant de la blanchisserie au petit-déjeuner, au parking sur place ainsi qu'au centre d'affaires.

Le musée d'art moderne se trouve à 15 minutes à pied. Vous pourrez également rejoindre le musée du quai Branly à 20 minutes de marche des appartements indépendants.",,{},,,
47,https://www.booking.com/hotel/fr/sthonore.fr.html?aid=304142&label=gen173nr-1FCAQoggJCDHNlYXJjaF9wYXJpc0gzWARoTYgBAZgBDbgBB8gBDNgBAegBAfgBA4gCAagCA7gC96enuwbAAgHSAiQ5ZjEyZmI3YS05ZmIwLTQ3ZmYtYjM4My0yZGZmNDVmZTA5YTHYAgXgAgE&ucfs=1&arphpl=1&group_adults=2&req_adults=2&no_rooms=1&group_children=0&req_children=0&hpos=23&hapos=48&sr_order=popularity&nflt=SustainablePropertyLevelFilter%3D4&srpvid=524095fbb1e5017d&srepoch=1734988806&from_sustainable_property_sr=1&from=searchresults,"Situé au cœur de Paris, dans la célèbre rue du Faubourg Saint-Honoré, le PLEY Hotel est un établissement respectueux de l'environnement qui propose des chambres luxueuses et un coin salon.

Toutes les chambres sont dotées d’une salle de bains privative, d’une connexion Wi-Fi gratuite et d’une bouteille d’eau minérale gratuite. Elles présentent un style contemporain. Certaines chambres offrent une vue sur les toits de Paris.

Un petit-déjeuner buffet est proposé tous les matins dans le coin salon. Si vous le souhaitez, vous pourrez le déguster dans le confort de votre chambre.

Le PLEY Hotel se trouve à proximité des Champs-Élysées, de l'Arc de Triomphe et du musée du Louvre. La station de métro Ternes est à 550 mètres et celle de Charles-de-Gaulle-Étoile à 650 mètres.",,{},,,
48,https://www.booking.com/hotel/fr/citotel-sport-hotel.fr.html?aid=304142&label=gen173nr-1FCAQoggJCDHNlYXJjaF9wYXJpc0gzWARoTYgBAZgBDbgBB8gBDNgBAegBAfgBA4gCAagCA7gC96enuwbAAgHSAiQ5ZjEyZmI3YS05ZmIwLTQ3ZmYtYjM4My0yZGZmNDVmZTA5YTHYAgXgAgE&ucfs=1&arphpl=1&group_adults=2&req_adults=2&no_rooms=1&group_children=0&req_children=0&hpos=24&hapos=49&sr_order=popularity&nflt=SustainablePropertyLevelFilter%3D4&srpvid=524095fbb1e5017d&srepoch=1734988806&from_sustainable_property_sr=1&from=searchresults,"L'hôtel L'Interlude (ex Citotel Sport hotel) propose un hébergement au cœur du 12ème arrondissement de Paris, entre la place Daumesnil et le parc paisible du Bois de Vincennes. Une connexion Wi-Fi illimitée est disponible gratuitement.

Les chambres rénovées de l'établissement disposent d'un téléphone, d'une télévision à écran plat, de fenêtres à double vitrage et d'une salle de bains privative. Certaines donnent sur la cour intérieure fleurie.

Un petit-déjeuner buffet est servi tous les matins de 7h00 à 10h00 dans la salle prévue à cet effet.

L'Hôtel L'Interlude se trouve à proximité de la station de métro Michel Bizot, permettant d'accéder au centre de Paris en seulement quelques minutes.",,{},,,
49,https://www.booking.com/hotel/fr/hotel-rosalie.fr.html?aid=304142&label=gen173nr-1FCAQoggJCDHNlYXJjaF9wYXJpc0gzWARoTYgBAZgBDbgBB8gBDNgBAegBAfgBA4gCAagCA7gC96enuwbAAgHSAiQ5ZjEyZmI3YS05ZmIwLTQ3ZmYtYjM4My0yZGZmNDVmZTA5YTHYAgXgAgE&ucfs=1&arphpl=1&group_adults=2&req_adults=2&no_rooms=1&group_children=0&req_children=0&hpos=25&hapos=50&sr_order=popularity&nflt=SustainablePropertyLevelFilter%3D4&srpvid=524095fbb1e5017d&srepoch=1734988806&from_sustainable_property_sr=1&from=searchresults,"Situé dans le quartier des Gobelins, récemment rénové en 2022 Cet hôtel design dispose d'une terrasse en duplex et d'un toit-terrasse privé ombragé. Une partie de leurs chambres offre une vue sur la Tour Eiffel et les paysages de la ville parisienne.

Toutes les chambres disposent d'une connexion Wi-Fi gratuite, de la climatisation à réglage automatique, d'une télévision par satellite à écran plat, d'un plateau/bouilloire, d'une salle de bains privative et d'une literie (très) confortable. Un parking privé est disponible sur place moyennant des frais supplémentaires.

Vous pourrez prendre votre petit-déjeuner sur la terrasse, dans votre chambre ou dans la salle prévue à cet effet.

L'établissement se trouve à 120 mètres de la station de métro Place d'Italie et à seulement 1 km de la rue animée Mouffetard, avec ses restaurants et ses étals de marché. Dans le 13ème arrondissement, vous trouverez le principal quartier asiatique de Paris, la Cité de la mode et du design, la bibliothèque nationale française, le quartier branché de la Butte-aux-Cailles et quelques superbes peintures murales du Street Art.",,{},,,
50,https://www.booking.com/hotel/fr/plazatoureiffel.fr.html?aid=304142&label=gen173nr-1FCAQoggJCDHNlYXJjaF9wYXJpc0gzWARoTYgBAZgBDbgBB8gBDNgBAegBAfgBA4gCAagCA7gC96enuwbAAgHSAiQ5ZjEyZmI3YS05ZmIwLTQ3ZmYtYjM4My0yZGZmNDVmZTA5YTHYAgXgAgE&ucfs=1&arphpl=1&group_adults=2&req_adults=2&no_rooms=1&group_children=0&req_children=0&hpos=1&hapos=51&sr_order=popularity&nflt=SustainablePropertyLevelFilter%3D4&srpvid=524095fbb1e5017d&srepoch=1734988814&from_sustainable_property_sr=1&from=searchresults,"Situé dans le 16e arrondissement de Paris, à proximité de la Tour Eiffel, le Plaza Tour Eiffel allie un décor contemporain à des équipements modernes.

Cet hôtel propose un bar-salon neuf, une salle de petit-déjeuner où un buffet est servi ainsi qu’une salle de sports pourvue d’équipements de cardio-training ouverte 24h/24.

L’espace affaires est doté d’une zone Internet. Une connexion Wi-Fi est disponible gratuitement dans l’ensemble des locaux.

La station de métro Trocadéro, accessible en 5 minutes à pied du Plaza Tour Eiffel, vous permettra de rejoindre rapidement les quatre coins de la ville.",,{},,,
51,https://www.booking.com/hotel/fr/royalsaintgermainparis.fr.html?aid=304142&label=gen173nr-1FCAQoggJCDHNlYXJjaF9wYXJpc0gzWARoTYgBAZgBDbgBB8gBDNgBAegBAfgBA4gCAagCA7gC96enuwbAAgHSAiQ5ZjEyZmI3YS05ZmIwLTQ3ZmYtYjM4My0yZGZmNDVmZTA5YTHYAgXgAgE&ucfs=1&arphpl=1&group_adults=2&req_adults=2&no_rooms=1&group_children=0&req_children=0&hpos=2&hapos=52&sr_order=popularity&nflt=SustainablePropertyLevelFilter%3D4&srpvid=524095fbb1e5017d&srepoch=1734988814&from_sustainable_property_sr=1&from=searchresults,"Le Royal Saint Germain est un hôtel de charme situé à Paris, dans le 6ème arrondissement, quartier historique de la ville, à 3 minutes à pied de la station de métro Saint-Placide. Il bénéficie d'une réception ouverte 24h/24 et d'un service de billetterie. Saint-Germain-des-Prés et Montparnasse sont tous deux à 500 mètres.

Les chambres climatisées disposent toutes d'une connexion Wi-Fi gratuite, d'un coffre-fort et d'une télévision à écran plat avec des chaînes internationales. Certaines sont également équipées d'un minibar. Les salles de bains en marbre sont pourvues d'un sèche-cheveux et d'articles de toilette. 

Un petit-déjeuner buffet est servi tous les matins dans le salon commun du Royal Saint Germain. Après le petit-déjeuner, vous pourrez utiliser la borne Internet ou lire les journaux gratuits dans le salon autour d'une boisson chaude préparée avec la machine à café mise à votre disposition.

L'hôtel Royal Saint Germain se trouve à 10 minutes de marche du jardin du Luxembourg. La gare ferroviaire de Montparnasse est située à 1,2 km.",,{},,,
52,https://www.booking.com/hotel/fr/ha-tel-plaza-la-fayette.fr.html?aid=304142&label=gen173nr-1FCAQoggJCDHNlYXJjaF9wYXJpc0gzWARoTYgBAZgBDbgBB8gBDNgBAegBAfgBA4gCAagCA7gC96enuwbAAgHSAiQ5ZjEyZmI3YS05ZmIwLTQ3ZmYtYjM4My0yZGZmNDVmZTA5YTHYAgXgAgE&ucfs=1&arphpl=1&group_adults=2&req_adults=2&no_rooms=1&group_children=0&req_children=0&hpos=3&hapos=53&sr_order=popularity&nflt=SustainablePropertyLevelFilter%3D4&srpvid=524095fbb1e5017d&srepoch=1734988814&from_sustainable_property_sr=1&from=searchresults,"Situé au cœur du Xème arrondissement de Paris, le Mercure Paris Gare du Nord se trouve à seulement 2 minutes à pied de la gare du Nord. Vous bénéficierez d'une connexion Wi-Fi gratuite et d'un accès aux salles de réunion et à un nouvel espace de coworking.

Toutes les chambres sont insonorisées. Elles disposent de la climatisation, d'un minibar et d'une télévision par satellite à écran plat. Leur salle de bains privative comporte un sèche-cheveux.

Des boissons vous seront servies dans le bar. Tous les matins, vous pourrez déguster un petit-déjeuner tous les matins dans l'élégante salle prévue à cet effet.

Vous séjournerez à proximité du canal Saint-Martin et de la place de la Bastille. La station de métro Magenta se trouve à 50 mètres de l'hôtel, tandis que la gare de l'Est est à 500 mètres. Montmartre et la basilique du Sacré-Cœur sont à 1,8 km.",,{},,,
53,https://www.booking.com/hotel/fr/lademeure_paris.fr.html?aid=304142&label=gen173nr-1FCAQoggJCDHNlYXJjaF9wYXJpc0gzWARoTYgBAZgBDbgBB8gBDNgBAegBAfgBA4gCAagCA7gC96enuwbAAgHSAiQ5ZjEyZmI3YS05ZmIwLTQ3ZmYtYjM4My0yZGZmNDVmZTA5YTHYAgXgAgE&ucfs=1&arphpl=1&group_adults=2&req_adults=2&no_rooms=1&group_children=0&req_children=0&hpos=4&hapos=54&sr_order=popularity&nflt=SustainablePropertyLevelFilter%3D4&srpvid=524095fbb1e5017d&srepoch=1734988814&from_sustainable_property_sr=1&from=searchresults,"Le Best Western Plus La Demeure est aménagé dans un bâtiment haussmannien typique situé à quelques pas de la vibrante rue Mouffetard ainsi qu’à 450 mètres du Jardin des plantes et du musée d’histoire naturelle. Vous bénéficierez d’une connexion Wi-Fi gratuite. L’établissement possède une salle de sport et centre de bien-être avec une douche multi-sensorielle. Des massages sont dispensés moyennant des frais supplémentaires.

Occupant un bâtiment construit en 1903, les chambres et les suites sont insonorisées et climatisées. Elles comprennent une télévision à écran plat et une bouilloire électrique. Leur salle de bains privative est pourvue d’un sèche-cheveux et d’articles de toilette gratuits. Une machine à café Nespresso est disponible dans toutes les chambres et une bouteille d’eau est fournie à l’arrivée.

Le Best Western Plus La Demeure sert un petit-déjeuner buffet tous les matins. Un petit-déjeuner express pourra également être servi à un tarif réduit.

Décoré dans des tons chaleureux, avec un mobilier en bois foncé et des représentations de Paris accrochées aux murs, le salon du rez-de-chaussée vous accueille pour prendre un verre.",,{},,,
54,https://www.booking.com/hotel/fr/tribeparisbatignolles.fr.html?aid=304142&label=gen173nr-1FCAQoggJCDHNlYXJjaF9wYXJpc0gzWARoTYgBAZgBDbgBB8gBDNgBAegBAfgBA4gCAagCA7gC96enuwbAAgHSAiQ5ZjEyZmI3YS05ZmIwLTQ3ZmYtYjM4My0yZGZmNDVmZTA5YTHYAgXgAgE&ucfs=1&arphpl=1&group_adults=2&req_adults=2&no_rooms=1&group_children=0&req_children=0&hpos=5&hapos=55&sr_order=popularity&nflt=SustainablePropertyLevelFilter%3D4&srpvid=524095fbb1e5017d&srepoch=1734988814&from_sustainable_property_sr=1&from=searchresults,"Doté d'une terrasse bien exposée et offrant une vue sur la ville, le TRIBE Paris Batignolles est situé à Paris, à 2,3 km de la basilique du Sacré-Cœur. Vous pourrez profiter d'un bar sur place.

Bénéficiant d’une vue sur la ville, toutes les chambres comprennent un bureau, une télévision par satellite à écran plat et une salle de bains privative.

Le TRIBE Paris Batignolles met à votre disposition une réception ouverte 24h/24, un service de concierge et un parking sécurisé. Vous pourrez aussi prendre un verre dans le jardin privé.

L'Opéra Garnier se trouve à 2,3 km de l'hôtel et l'aéroport de Paris-Orly, le plus proche, est à 18 km du TRIBE Paris Batignolles.",,{},,,
55,https://www.booking.com/hotel/fr/gossec.fr.html?aid=304142&label=gen173nr-1FCAQoggJCDHNlYXJjaF9wYXJpc0gzWARoTYgBAZgBDbgBB8gBDNgBAegBAfgBA4gCAagCA7gC96enuwbAAgHSAiQ5ZjEyZmI3YS05ZmIwLTQ3ZmYtYjM4My0yZGZmNDVmZTA5YTHYAgXgAgE&ucfs=1&arphpl=1&group_adults=2&req_adults=2&no_rooms=1&group_children=0&req_children=0&hpos=6&hapos=56&sr_order=popularity&nflt=SustainablePropertyLevelFilter%3D4&srpvid=524095fbb1e5017d&srepoch=1734988814&from_sustainable_property_sr=1&from=searchresults,"Tout juste rénové, l'Hôtel Le Daum vous accueille dans un cadre chaleureux et intimiste.

Bénéficiant d’un emplacement idéal dans le 12ème arrondissement, à deux pas de la Gare de Lyon, de l'effervescence du centre commercial Bercy Village ainsi que de la tranquillité du bois de Vincennes, cet hôtel décoré dans des couleurs douce et chaleureuse affiche un style rétro chic. En seulement 3 minutes à pied, vous rejoindrez la gare routière et station de métro Daumesnil, qui assure un accès direct à la Tour Eiffel (ligne 6) ainsi qu’à l'Opéra Garnier (ligne 8).

Toutes les chambres sont équipées d'une télévision connectée pour vous permettre de profiter de vos abonnements Netflix, Amazon prime, Disney+ ou autres, d’une connexion Wi-Fi gratuite et de la climatisation.

La réception vous accueille 24h/24 et 7j/7.

Le petit-déjeuner continental est servi dans le hall.

Les amateurs d'art pourront admirer une œuvre originale de Georges Rousse. Cet artiste aux multiples distinctions intervient sur l'architecture du lieu en appliquant le principe de l'anamorphose (transformation de l'architecture par un trompe-l’œil).

Le 12ème arrondissement est le quartier préféré des voyageurs visitant Paris en raison de sa situation géographique et de la proximité des transports en commun, selon les avis de clients indépendants.",,{},,,
56,https://www.booking.com/hotel/fr/citizenm-paris-champs-elysees.fr.html?aid=304142&label=gen173nr-1FCAQoggJCDHNlYXJjaF9wYXJpc0gzWARoTYgBAZgBDbgBB8gBDNgBAegBAfgBA4gCAagCA7gC96enuwbAAgHSAiQ5ZjEyZmI3YS05ZmIwLTQ3ZmYtYjM4My0yZGZmNDVmZTA5YTHYAgXgAgE&ucfs=1&arphpl=1&group_adults=2&req_adults=2&no_rooms=1&group_children=0&req_children=0&hpos=7&hapos=57&sr_order=popularity&nflt=SustainablePropertyLevelFilter%3D4&srpvid=524095fbb1e5017d&srepoch=1734988814&from_sustainable_property_sr=1&from=searchresults,"Idéalement situé dans le centre de Paris, le citizenM Paris Champs-Élysées propose des chambres climatisées, un salon commun, une connexion Wi-Fi gratuite et une terrasse. Doté d’un restaurant et d’un bar, cet établissement se trouve à moins de 1 km de l'arc de Triomphe et à 1,8 km du musée de l'Orangerie. Cet établissement non-fumeurs vous accueille à 1,7 km de la gare Saint-Lazare.

Toutes les chambres de l’hôtel comportent un bureau, une télévision à écran plat et une salle de bains privative. Les serviettes de toilette et le linge de lit sont fournis. Les hébergements sont pourvus d'articles de toilette gratuits et d'un iPad.

Le matin, vous pourrez prendre un petit-déjeuner buffet sur place.

L’établissement met à votre disposition une réception ouverte 24h/24, du matériel de repassage et un centre d’affaires.

Le jardin des Tuileries se trouve à 2,1 km, tandis que la tour Eiffel est à 2 km. L’aéroport de Paris-Orly est à 17 km.",,{},,,
57,https://www.booking.com/hotel/fr/hotel-horset-opera.fr.html?aid=304142&label=gen173nr-1FCAQoggJCDHNlYXJjaF9wYXJpc0gzWARoTYgBAZgBDbgBB8gBDNgBAegBAfgBA4gCAagCA7gC96enuwbAAgHSAiQ5ZjEyZmI3YS05ZmIwLTQ3ZmYtYjM4My0yZGZmNDVmZTA5YTHYAgXgAgE&ucfs=1&arphpl=1&group_adults=2&req_adults=2&no_rooms=1&group_children=0&req_children=0&hpos=8&hapos=58&sr_order=popularity&nflt=SustainablePropertyLevelFilter%3D4&srpvid=524095fbb1e5017d&srepoch=1734988814&from_sustainable_property_sr=1&from=searchresults,"L’Hôtel Horset Opéra, Best Western Premier Collection se trouve dans une rue paisible à 500 mètres du grand magasin Galeries Lafayette. L’établissement propose des hébergements insonorisés présentant une décoration ancienne et dotés d’une connexion Wi-Fi gratuite.

Les chambres élégantes disposent d’un minibar et d’une télévision avec RMC Sport et des chaînes internationales. Tous les logements possèdent un mobilier en bois foncé et des baies vitrées. Leur salle de bains privative en marbre est pourvue de peignoirs.

Un petit-déjeuner buffet froid est servi tous les matins sur place, et vous pourrez également le prendre dans votre chambre. Des cocktails et des collations sont disponibles jusqu’à minuit au bar Le Diapason.

L’établissement se trouve à seulement 260 mètres de la station de métro Opéra, d’où vous pourrez rejoindre le musée du Louvre et le parc Disneyland Paris. Une navette à destination de l’aéroport de Paris-Charles-de-Gaulle part à 150 mètres de l’hôtel.",,{},,,
60,https://www.booking.com/hotel/fr/st-christopher-s-inn-paris-gare-du-nord.fr.html?aid=304142&label=gen173nr-1FCAQoggJCDHNlYXJjaF9wYXJpc0gzWARoTYgBAZgBDbgBB8gBDNgBAegBAfgBA4gCAagCA7gC96enuwbAAgHSAiQ5ZjEyZmI3YS05ZmIwLTQ3ZmYtYjM4My0yZGZmNDVmZTA5YTHYAgXgAgE&ucfs=1&arphpl=1&group_adults=2&req_adults=2&no_rooms=1&group_children=0&req_children=0&hpos=11&hapos=61&sr_order=popularity&nflt=SustainablePropertyLevelFilter%3D4&srpvid=524095fbb1e5017d&srepoch=1734988814&from_sustainable_property_sr=1&from=searchresults,"Situé dans le centre de Paris, à seulement 200 mètres de la gare du Nord, l’établissement St Christopher’s Inn Paris possède 2 bars et une salle de détente. Montmartre et le Sacré Cœur sont accessibles en 15 minutes de marche, tandis que le Stade de France se trouve à 6,6 km.

Les chambres privées et les dortoirs sont tous équipés du chauffage. Vous disposerez d’une salle de bains privative ou commune.

Vous bénéficierez également de réductions au bar Belushi’s.

Des casiers sont disponibles dans les hébergements et vous pourrez louer des serviettes de toilette à la réception ouverte 24h/24. De plus, vous profiterez d’une connexion Wi-Fi gratuite dans tout le bâtiment. Vous trouverez la station de métro Gare du Nord à 2 minutes à pied et la gare de l’Est à 500 mètres.",,{},,,
61,https://www.booking.com/hotel/fr/des-deux-continents.fr.html?aid=304142&label=gen173nr-1FCAQoggJCDHNlYXJjaF9wYXJpc0gzWARoTYgBAZgBDbgBB8gBDNgBAegBAfgBA4gCAagCA7gC96enuwbAAgHSAiQ5ZjEyZmI3YS05ZmIwLTQ3ZmYtYjM4My0yZGZmNDVmZTA5YTHYAgXgAgE&ucfs=1&arphpl=1&group_adults=2&req_adults=2&no_rooms=1&group_children=0&req_children=0&hpos=12&hapos=62&sr_order=popularity&nflt=SustainablePropertyLevelFilter%3D4&srpvid=524095fbb1e5017d&srepoch=1734988814&from_sustainable_property_sr=1&from=searchresults,"L'Hotel Des Deux Continents vous accueille au cœur du quartier de Saint-Germain-des-Prés, à seulement 10 minutes à pied de la cathédrale Notre-Dame de Paris. Il propose une connexion Wi-Fi gratuite et des chambres à la décoration unique avec une télévision à écran plat.

Donnant sur la cour ou la rue, les chambres comprennent des meubles anciens, la climatisation réglable et d'une télévision par satellite. Un plateau de courtoisie est fourni.

Chaque matin, l’Hotel Des Deux Continents sert un petit-déjeuner buffet composé de jus de fruits et de légumes préparés à la commande. La réception est ouverte 24h/24.

Par ailleurs, l'établissement se compose de 3 bâtiments, dont un sans ascenseur.

Il vous accueille dans le célèbre quartier parisien de Saint-Germain-des-Prés, à seulement 3 minutes à pied de la station de métro Saint-Germain-des-Prés. Le musée du Louvre est accessible en 10 minutes de marche.",,"{'Personnel': 9.2, 'Équipements': 7.9, 'Propreté': 8.4, 'Confort': 8.5, 'Rapport qualité/prix': 7.8, 'Situation géographique': 9.6, 'Connexion Wi-Fi gratuite': 8.6}",,,
63,https://www.booking.com/hotel/fr/babel-hotels-belleville.fr.html?aid=304142&label=gen173nr-1FCAQoggJCDHNlYXJjaF9wYXJpc0gzWARoTYgBAZgBDbgBB8gBDNgBAegBAfgBA4gCAagCA7gC96enuwbAAgHSAiQ5ZjEyZmI3YS05ZmIwLTQ3ZmYtYjM4My0yZGZmNDVmZTA5YTHYAgXgAgE&ucfs=1&arphpl=1&group_adults=2&req_adults=2&no_rooms=1&group_children=0&req_children=0&hpos=14&hapos=64&sr_order=popularity&nflt=SustainablePropertyLevelFilter%3D4&srpvid=524095fbb1e5017d&srepoch=1734988814&from_sustainable_property_sr=1&from=searchresults,"Situé à Paris, le Babel Belleville propose un salon commun, une terrasse, un restaurant et un bar. Il se trouve à environ 1,9 km de la gare de l'Est, à 3 km du centre Pompidou et à 3,1 km de la gare du Nord. Il propose une réception ouverte 24h/24, des transferts aéroport, un service d'étage et une connexion Wi-Fi gratuite dans l'ensemble de ses locaux.

L'hôtel sert un petit-déjeuner buffet.

Vous séjournerez à 3,8 km de la salle de concert La Cigale et de l'opéra Bastille. L'aéroport de Paris-Charles-de-Gaulle est implanté à 18 km.",,{},,,
64,https://www.booking.com/hotel/fr/lesaintgregoire.fr.html?aid=304142&label=gen173nr-1FCAQoggJCDHNlYXJjaF9wYXJpc0gzWARoTYgBAZgBDbgBB8gBDNgBAegBAfgBA4gCAagCA7gC96enuwbAAgHSAiQ5ZjEyZmI3YS05ZmIwLTQ3ZmYtYjM4My0yZGZmNDVmZTA5YTHYAgXgAgE&ucfs=1&arphpl=1&group_adults=2&req_adults=2&no_rooms=1&group_children=0&req_children=0&hpos=15&hapos=65&sr_order=popularity&nflt=SustainablePropertyLevelFilter%3D4&srpvid=524095fbb1e5017d&srepoch=1734988814&from_sustainable_property_sr=1&from=searchresults,"Ce bâtiment du XVIIIe siècle est situé dans le centre de Paris, à 20 minutes à pied de la Seine et du Louvre. Il propose des chambres élégantes et climatisées avec télévision à écran plat.

Toutes les chambres insonorisées sont dotées d'une salle de bains privative. Certaines disposent également d'une terrasse privée.

Sirotez un verre en soirée dans le bar de l'hôtel Le Saint Gregoire et dégustez un petit déjeuner continental tous les jours en matinée. La réception de l'hôtel est ouverte 24 heures sur 24 et la connexion Wi-Fi est disponible.

L'hôtel Le Saint Gregoire est situé à quelques pas de la station de métro Saint-Placide et à 5 minutes à pied de Montparnasse. Le Jardin du Luxembourg est à 500 mètres.",,"{'Personnel': 9.6, 'Équipements': 8.8, 'Propreté': 9.3, 'Confort': 9.4, 'Rapport qualité/prix': 8.4, 'Situation géographique': 9.4, 'Connexion Wi-Fi gratuite': 9.3}",,,
66,https://www.booking.com/hotel/fr/des-victoires.fr.html?aid=304142&label=gen173nr-1FCAQoggJCDHNlYXJjaF9wYXJpc0gzWARoTYgBAZgBDbgBB8gBDNgBAegBAfgBA4gCAagCA7gC96enuwbAAgHSAiQ5ZjEyZmI3YS05ZmIwLTQ3ZmYtYjM4My0yZGZmNDVmZTA5YTHYAgXgAgE&ucfs=1&arphpl=1&group_adults=2&req_adults=2&no_rooms=1&group_children=0&req_children=0&hpos=17&hapos=67&sr_order=popularity&nflt=SustainablePropertyLevelFilter%3D4&srpvid=524095fbb1e5017d&srepoch=1734988814&from_sustainable_property_sr=1&from=searchresults,"L’Hôtel Odyssey est un établissement design qui propose des chambres insonorisées avec connexion Wi-Fi gratuite. Le musée du Louvre se trouve à seulement 600 mètres.

Décorées dans un style ultramoderne, les chambres disposent toutes d'une télévision à écran plat. Un smartphone que vous pourrez utiliser pendant votre séjour est fourni. Les salles de bains privatives aux parois vitrées sont pourvues d'une douche et d'un sèche-cheveux.

Un petit-déjeuner buffet est préparé chaque matin à l'Hôtel Odyssey et peut vous être servi en chambre sur demande. Vous pourrez prendre un verre au bar O'nesty (sauf lors d'événements privés).

L’établissement vous place à 450 mètres de la station de métro et de RER de Châtelet-Les-Halles, d’où vous pourrez rejoindre directement l’aéroport de Paris-Charles-de-Gaulle. Le jardin des Tuileries est accessible en 15 minutes à pied.

Des conditions différentes et des suppléments peuvent s’appliquer pour les réservations de plus de 4 chambres.",,"{'Personnel': 9.2, 'Équipements': 8.0, 'Propreté': 8.5, 'Confort': 8.5, 'Rapport qualité/prix': 7.8, 'Situation géographique': 9.5, 'Connexion Wi-Fi gratuite': 8.4}",,,
67,https://www.booking.com/hotel/fr/hotelbaldi.fr.html?aid=304142&label=gen173nr-1FCAQoggJCDHNlYXJjaF9wYXJpc0gzWARoTYgBAZgBDbgBB8gBDNgBAegBAfgBA4gCAagCA7gC96enuwbAAgHSAiQ5ZjEyZmI3YS05ZmIwLTQ3ZmYtYjM4My0yZGZmNDVmZTA5YTHYAgXgAgE&ucfs=1&arphpl=1&group_adults=2&req_adults=2&no_rooms=1&group_children=0&req_children=0&hpos=18&hapos=68&sr_order=popularity&nflt=SustainablePropertyLevelFilter%3D4&srpvid=524095fbb1e5017d&srepoch=1734988814&from_sustainable_property_sr=1&from=searchresults,"L'hôtel Baldi est situé à 8 minutes à pied du bâtiment classé au patrimoine mondial de l'UNESCO ainsi qu’à seulement 20 minutes de marche de la Tour Eiffel et de la Tour Montparnasse.

Les chambres comprennent la climatisation et une télévision par satellite à écran LCD. Vous disposerez également d'un minibar et d'une salle de bains privative pourvue d'articles de toilette offerts.

Un petit-déjeuner à emporter est proposé tous les matins. Vous pourrez également déguster votre petit-déjeuner dans le confort de votre hébergement.

Cet hôtel possède en outre une connexion Wi-Fi gratuite et une réception ouverte 24h/24. Les stations de métro Ségur et Cambronne sont accessibles en 3 minutes à pied.
L'hôtel BALDI a reçu le label CLEF VERTE en 2020.",,"{'Personnel': 8.7, 'Équipements': 7.6, 'Propreté': 8.1, 'Confort': 8.0, 'Rapport qualité/prix': 7.7, 'Situation géographique': 8.8, 'Connexion Wi-Fi gratuite': 7.9}",,,
69,https://www.booking.com/hotel/fr/grand-pigalle.fr.html?aid=304142&label=gen173nr-1FCAQoggJCDHNlYXJjaF9wYXJpc0gzWARoTYgBAZgBDbgBB8gBDNgBAegBAfgBA4gCAagCA7gC96enuwbAAgHSAiQ5ZjEyZmI3YS05ZmIwLTQ3ZmYtYjM4My0yZGZmNDVmZTA5YTHYAgXgAgE&ucfs=1&arphpl=1&group_adults=2&req_adults=2&no_rooms=1&group_children=0&req_children=0&hpos=20&hapos=70&sr_order=popularity&nflt=SustainablePropertyLevelFilter%3D4&srpvid=524095fbb1e5017d&srepoch=1734988814&from_sustainable_property_sr=1&from=searchresults,"Installé à Paris, le Grand Pigalle Experimental vous accueille à 550 mètres du Moulin Rouge. Cet hôtel propose une connexion Wi-Fi gratuite, la climatisation et un service de bagagerie.

Toutes les chambres sont desservies par un ascenseur et comprennent un téléphone, une radio, ainsi qu’une télévision par satellite à écran plat. Vous disposerez également d’une salle de bains pourvue d’’articles de toilette gratuits, d’un sèche-cheveux et d’une baignoire ou d’une douche.

Un restaurant et un bar sont présents sur place.

Le Grand Pigalle Experimental est situé à 100 mètres de la station de métro Pigalle et à 800 mètres de la basilique du Sacré-Cœur.",,{},,,
70,https://www.booking.com/hotel/fr/hotel-ami-paris.fr.html?aid=304142&label=gen173nr-1FCAQoggJCDHNlYXJjaF9wYXJpc0gzWARoTYgBAZgBDbgBB8gBDNgBAegBAfgBA4gCAagCA7gC96enuwbAAgHSAiQ5ZjEyZmI3YS05ZmIwLTQ3ZmYtYjM4My0yZGZmNDVmZTA5YTHYAgXgAgE&ucfs=1&arphpl=1&group_adults=2&req_adults=2&no_rooms=1&group_children=0&req_children=0&hpos=21&hapos=71&sr_order=popularity&nflt=SustainablePropertyLevelFilter%3D4&srpvid=524095fbb1e5017d&srepoch=1734988814&from_sustainable_property_sr=1&from=searchresults,"L'Hôtel AMI - Orso Hotels vous accueille dans le 15ème arrondissement de Paris. Ses chambres insonorisées disposent d'une télévision par satellite et d'une connexion Wi-Fi gratuite. Le parc des expositions de la Porte de Versailles, à 1,8 km, est directement accessible par les transports en commun.

Après vos sorties, vous aurez la possibilité de vous reposer dans le confortable salon de l’Hôtel AMI - Orso Hotels. Vous profiterez aussi d’une réception ouverte 24h/24 et d’un service de portier, même durant la nuit.

Vous bénéficierez également d’une application mobile donnant accès à plusieurs services en ligne, tels que l’enregistrement, des recommandations et des réservations de restaurants, la conciergerie ainsi que des cours de yoga en vidéo. Vous aurez également accès à la presse numérique.

Depuis la station de métro Vaugirard, à 160 mètres de l’Hôtel AMI - Orso Hotels, vous pourrez rejoindre directement le quartier de Montmartre et le Moulin Rouge. Enfin, vous vous trouverez à 2 km de la tour Eiffel.",,{},,,
71,https://www.booking.com/hotel/fr/ibis-budget-paris-la-villette.fr.html?aid=304142&label=gen173nr-1FCAQoggJCDHNlYXJjaF9wYXJpc0gzWARoTYgBAZgBDbgBB8gBDNgBAegBAfgBA4gCAagCA7gC96enuwbAAgHSAiQ5ZjEyZmI3YS05ZmIwLTQ3ZmYtYjM4My0yZGZmNDVmZTA5YTHYAgXgAgE&ucfs=1&arphpl=1&group_adults=2&req_adults=2&no_rooms=1&group_children=0&req_children=0&hpos=22&hapos=72&sr_order=popularity&nflt=SustainablePropertyLevelFilter%3D4&srpvid=524095fbb1e5017d&srepoch=1734988814&from_sustainable_property_sr=1&from=searchresults,"L'ibis Budget Paris La Villette 19ème est situé à 2 minutes à pied du bassin de la Villette et à 2,1 km de la place de la République. Il propose une connexion Wi-Fi gratuite dans l'ensemble de ses locaux.

Chaque chambre comprend une télévision à écran plat et une salle de bains privative pourvue d’une douche.

La réception de l’établissement est ouverte 24h/24.

Vous séjournerez à 2,5 km de la basilique du Sacré-Cœur et à 3,2 km du centre Pompidou. Enfin, l’aéroport de Paris-Orly est accessible à 17 km de l’ibis Budget Paris La Villette 19ème. De plus, vous trouverez un parking privé sur place.",,{},,,
74,https://www.booking.com/hotel/fr/novotel-paris-20-belleville.fr.html?aid=304142&label=gen173nr-1FCAQoggJCDHNlYXJjaF9wYXJpc0gzWARoTYgBAZgBDbgBB8gBDNgBAegBAfgBA4gCAagCA7gC96enuwbAAgHSAiQ5ZjEyZmI3YS05ZmIwLTQ3ZmYtYjM4My0yZGZmNDVmZTA5YTHYAgXgAgE&ucfs=1&arphpl=1&group_adults=2&req_adults=2&no_rooms=1&group_children=0&req_children=0&hpos=25&hapos=75&sr_order=popularity&nflt=SustainablePropertyLevelFilter%3D4&srpvid=524095fbb1e5017d&srepoch=1734988814&from_sustainable_property_sr=1&from=searchresults,"Situé à Paris, à 2,9 km de la gare de l'Est, le Novotel Paris 20 Belleville propose des hébergements avec une terrasse, un parking privé, un restaurant et un bar. Cet hôtel 4 étoiles propose une connexion Wi-Fi gratuite, un service d'étage et une réception ouverte 24h/24. Cet établissement non-fumeurs se trouve à 3 km du Centre Pompidou.

Leur salle de bains privative est pourvue d'une douche et d'articles de toilette gratuits. Les logements disposent d'une télévision à écran plat et de la climatisation. Certains comprennent un balcon. Toutes sont équipées d'une armoire et d'une bouilloire.

Un petit-déjeuner buffet, continental ou américain est servi sur place.

Vous séjournerez à 3,4 km de la gare du Nord et à 3,8 km de l'opéra Bastille. L'aéroport de Paris-Charles-de-Gaulle est implanté à 21 km.",,{},,,
75,https://www.booking.com/hotel/fr/dream-opera.fr.html?aid=304142&label=gen173nr-1FCAQoggJCDHNlYXJjaF9wYXJpc0gzWARoTYgBAZgBDbgBB8gBDNgBAegBAfgBA4gCAagCA7gC96enuwbAAgHSAiQ5ZjEyZmI3YS05ZmIwLTQ3ZmYtYjM4My0yZGZmNDVmZTA5YTHYAgXgAgE&ucfs=1&arphpl=1&group_adults=2&req_adults=2&no_rooms=1&group_children=0&req_children=0&hpos=1&hapos=76&sr_order=popularity&nflt=SustainablePropertyLevelFilter%3D4&srpvid=524095fbb1e5017d&srepoch=1734988895&from_sustainable_property_sr=1&from=searchresults,"Situé à Paris, à 7 minutes à pied de l'opéra Garnier, le Dream Hôtel Opéra & Spa propose une connexion Wi-Fi gratuite dans l'ensemble de ses locaux. Cet établissement se trouve à 15 minutes à pied du musée du Louvre.

Les chambres disposent de la climatisation ainsi que d'une salle de bains privative avec des articles de toilette gratuits et un sèche-cheveux. Elles sont également équipées d'une télévision à écran plat et d'une machine à café.

Le Dream Hôtel Opéra & Spa sert un petit-déjeuner buffet tous les jours et possède un bar où vous pourrez prendre un verre.

Le jardin des Tuileries se trouve à 1,2 km. Enfin, l'établissement est installé à 18 km de l'aéroport de Paris-Orly.",,{},,,
78,https://www.booking.com/hotel/fr/best-western-premier-litteraire-le-swann.fr.html?aid=304142&label=gen173nr-1FCAQoggJCDHNlYXJjaF9wYXJpc0gzWARoTYgBAZgBDbgBB8gBDNgBAegBAfgBA4gCAagCA7gC96enuwbAAgHSAiQ5ZjEyZmI3YS05ZmIwLTQ3ZmYtYjM4My0yZGZmNDVmZTA5YTHYAgXgAgE&ucfs=1&arphpl=1&group_adults=2&req_adults=2&no_rooms=1&group_children=0&req_children=0&hpos=4&hapos=79&sr_order=popularity&nflt=SustainablePropertyLevelFilter%3D4&srpvid=524095fbb1e5017d&srepoch=1734988895&from_sustainable_property_sr=1&from=searchresults,"Occupant un bâtiment du XIXe siècle situé à 10 minutes à pied de la gare Saint-Lazare, l'Hotel Litteraire Le Swann, Premier Collection présente un thème littéraire qui honore l'écrivain Marcel Proust. Les Galeries Lafayette se trouvent à 1,3 km.

Les chambres modernes sont climatisées et sont dotées d'une télévision, d'un minibar et d'un assortiment de bienvenue comprenant une sélection de boissons chaudes. Tous les hébergements sont desservis par un ascenseur.

Un petit-déjeuner buffet varié est servi tous les jours sous un plafond en verre de style Art déco.

La réception de l'Hotel Litteraire Le Swann, Premier Collection est ouverte 24h/24. Des journaux sont disponibles gratuitement tous les jours et un service de nettoyage à sec est assuré sur demande. Vous pourrez apprécier une collection spéciale centrée sur Marcel Proust.

La station de métro Europe, située à 2 minutes de marche de l'hôtel, permet de rejoindre directement l'opéra Garnier et le cimetière du Père-Lachaise. Le Moulin-Rouge est à 15 minutes à pied.",,"{'Personnel': 9.1, 'Équipements': 8.4, 'Propreté': 8.6, 'Confort': 8.7, 'Rapport qualité/prix': 8.1, 'Situation géographique': 8.8, 'Connexion Wi-Fi gratuite': 8.8}",,,
86,https://www.booking.com/hotel/fr/hotel-rochechouart-paris.fr.html?aid=304142&label=gen173nr-1FCAQoggJCDHNlYXJjaF9wYXJpc0gzWARoTYgBAZgBDbgBB8gBDNgBAegBAfgBA4gCAagCA7gC96enuwbAAgHSAiQ5ZjEyZmI3YS05ZmIwLTQ3ZmYtYjM4My0yZGZmNDVmZTA5YTHYAgXgAgE&ucfs=1&arphpl=1&group_adults=2&req_adults=2&no_rooms=1&group_children=0&req_children=0&hpos=12&hapos=87&sr_order=popularity&nflt=SustainablePropertyLevelFilter%3D4&srpvid=524095fbb1e5017d&srepoch=1734988895&from_sustainable_property_sr=1&from=searchresults,"L’Hotel Rochechouart - Orso Hotels est situé dans le quartier animé de Montmartre, à 10 minutes à pied de la basilique du Sacré-Cœur et du cabaret du Moulin Rouge. Aménagé dans un bâtiment Art déco rénové en 2021, l'Hotel Rochechouart - Orso Hotels bénéficie d'un toit-terrasse offrant une vue panoramique sur Paris.

Affichant une décoration Art déco, les chambres comportent la climatisation, une connexion Wi-Fi gratuite, une télévision à écran plat et un plateau/bouilloire.

Un petit-déjeuner continental parisien est servi chaque matin dans le restaurant. Vous trouverez aussi plusieurs cafés et restaurants à moins de 15 minutes à pied de l'hôtel.

Vous séjournerez à 250 mètres des stations de métro Pigalle et Anvers, ainsi qu’à 1,1 km de la gare du Nord. L'avenue des Champs-Élysées est à 2,9 km de l'hôtel.",,{},,,
156,https://www.booking.com/hotel/fr/edouard.fr.html?aid=304142&label=gen173nr-1FCAQoggJCDHNlYXJjaF9wYXJpc0gzWARoTYgBAZgBDbgBB8gBDNgBAegBAfgBA4gCAagCA7gC96enuwbAAgHSAiQ5ZjEyZmI3YS05ZmIwLTQ3ZmYtYjM4My0yZGZmNDVmZTA5YTHYAgXgAgE&ucfs=1&arphpl=1&group_adults=2&req_adults=2&no_rooms=1&group_children=0&req_children=0&hpos=7&hapos=157&sr_order=popularity&nflt=SustainablePropertyLevelFilter%3D4&srpvid=524095fbb1e5017d&srepoch=1734989046&from_sustainable_property_sr=1&from=searchresults,"L'hôtel Edouard 7 Opéra vous accueille dans le centre de Paris, à 3 minutes à pied de l'opéra Garnier, à 400 mètres de la place Vendôme et à 500 mètres des Galeries Lafayette.

Toutes les chambres et les suites du Edouard 7 disposent de la climatisation et d'une connexion Wi-Fi haut débit gratuite. Certaines possèdent un balcon privé ou offrent une vue sur l'avenue de l'Opéra. Chaque logement comporte une salle de bains privative pourvue d'une baignoire ou d'une douche, de peignoirs et d'articles de toilette gratuits.

Un petit-déjeuner buffet américain est servi tous les jours moyennant des frais supplémentaires. L'hôtel comprend aussi un bar proposant des cocktails qui sauront satisfaire tous les goûts. Le restaurant ""La Cuisine de l'E7"" sert une cuisine locale avec des menus bio et de saison.

L'établissement possède un espace d'affaires ainsi qu'une réception ouverte 24h/24 assurant des services de change et de bagagerie. Une salle de sport et des services de concierge/d'étage sont aussi mis à votre disposition. Un parking public est disponible à proximité.

L'hôtel se situe à 5 minutes à pied de la place Vendôme et de boutiques de luxe. Accessible à 200 mètres, la station de métro Opéra dessert des sites touristiques comme le Louvre ou le jardin des Tuileries. Vous pourrez prendre la navette Roissybus place de l'Opéra pour rejoindre l'aéroport international de Paris-Charles-de-Gaulle.",,{},,,
186,https://www.booking.com/hotel/fr/hotel-paris-opera-affiliated-by-melia.fr.html?aid=304142&label=gen173nr-1FCAQoggJCDHNlYXJjaF9wYXJpc0gzWARoTYgBAZgBDbgBB8gBDNgBAegBAfgBA4gCAagCA7gC96enuwbAAgHSAiQ5ZjEyZmI3YS05ZmIwLTQ3ZmYtYjM4My0yZGZmNDVmZTA5YTHYAgXgAgE&ucfs=1&arphpl=1&group_adults=2&req_adults=2&no_rooms=1&group_children=0&req_children=0&hpos=12&hapos=187&sr_order=popularity&nflt=SustainablePropertyLevelFilter%3D4&srpvid=524095fbb1e5017d&srepoch=1734989095&from_sustainable_property_sr=1&from=searchresults,"L'Hotel Paris Opéra, Affiliated by Meliá occupe un bâtiment haussmannien du XVIIIe siècle, juste en face de la station de métro Grand Boulevards. Situé à 10 minutes à pied du grand magasin Galeries Lafayette, l’établissement comprend une connexion Wi-Fi gratuite dans l’ensemble de ses locaux ainsi que des hébergements avec une télévision à écran LCD.

Les chambres et les suites de l'Hotel Paris Opéra Affiliated by Meliá sont toutes équipées d'un minibar, d'un coffre-fort privé et d'une télévision connectée à écran plat.

Vous aurez la possibilité de savourer un petit-déjeuner buffet parisien composé de produits frais locaux ainsi que de spécialités françaises et espagnoles.

Vous séjournerez à 26 km de l’aéroport de Paris-Charles-de-Gaulle. Sur demande, vous profiterez d’une navette aéroport. La station de métro la plus proche vous permettra de rejoindre directement la place de la Concorde et vous trouverez l’opéra Garnier à 10 minutes à pied.",,{},,,
187,https://www.booking.com/hotel/fr/montalembert.fr.html?aid=304142&label=gen173nr-1FCAQoggJCDHNlYXJjaF9wYXJpc0gzWARoTYgBAZgBDbgBB8gBDNgBAegBAfgBA4gCAagCA7gC96enuwbAAgHSAiQ5ZjEyZmI3YS05ZmIwLTQ3ZmYtYjM4My0yZGZmNDVmZTA5YTHYAgXgAgE&ucfs=1&arphpl=1&group_adults=2&req_adults=2&no_rooms=1&group_children=0&req_children=0&hpos=13&hapos=188&sr_order=popularity&nflt=SustainablePropertyLevelFilter%3D4&srpvid=524095fbb1e5017d&srepoch=1734989095&from_sustainable_property_sr=1&from=searchresults,"Occupant un immeuble haussmannien en plein cœur du quartier de Saint-Germain-des-Prés, à seulement 10 minutes à pied du Louvre, le boutique hôtel 5 étoiles Hotel Montalembert propose des chambres dotées de la climatisation, ainsi qu'un bar-restaurant.

Les chambres élégantes de l'Hotel Montalembert affichent des œuvres d'art originales sur les murs. Elles disposent toutes d'une télévision par satellite à écran plat. Leur salle de bains moderne est munie d'articles de toilette gratuits.

Chaque jour, le petit-déjeuner vous sera servi dans la salle prévue à cet effet ou en chambre, sur demande. Le restaurant sur place prépare une cuisine gastronomique innovante. Vous pourrez prendre vos repas ou des boissons sur la terrasse, lorsque le temps le permet.

L'Hotel Montalembert possède une réception ouverte 24h/24 assurant un service de concierge. Une connexion Wi-Fi est également accessible gratuitement dans l'ensemble des locaux de cet établissement non-fumeurs.

La station de métro Rue du Bac, permettant l'accès direct à Montmartre, est accessible à 220 mètres. Enfin, vous pourrez rejoindre à pied le jardin du Luxembourg en 15 minutes, le musée d'Orsay en 7 minutes et le centre commercial Le Bon Marché en 10 minutes.",,{},,,
188,https://www.booking.com/hotel/fr/renaissance-paris-arc-de-triomphe.fr.html?aid=304142&label=gen173nr-1FCAQoggJCDHNlYXJjaF9wYXJpc0gzWARoTYgBAZgBDbgBB8gBDNgBAegBAfgBA4gCAagCA7gC96enuwbAAgHSAiQ5ZjEyZmI3YS05ZmIwLTQ3ZmYtYjM4My0yZGZmNDVmZTA5YTHYAgXgAgE&ucfs=1&arphpl=1&group_adults=2&req_adults=2&no_rooms=1&group_children=0&req_children=0&hpos=14&hapos=189&sr_order=popularity&nflt=SustainablePropertyLevelFilter%3D4&srpvid=524095fbb1e5017d&srepoch=1734989095&from_sustainable_property_sr=1&from=searchresults,"Idéalement situé dans le centre de Paris, le Renaissance Paris Arc de Triomphe Hotel propose des hébergements climatisés, une salle de sport, une connexion Wi-Fi gratuite et une terrasse. Cet hôtel 5 étoiles comporte un bar. Vous profiterez également d’un centre d’affaires ainsi que de services d’étage et de change.

Les chambres de l’hôtel comportent un bureau, une télévision à écran plat et une salle de bains privative. Les serviettes de toilette et le linge de lit sont fournis. Chaque hébergement est équipé d'un coffre-fort. Certains sont équipés d'un balcon et d'autres offrent une vue sur la ville. Toutes les chambres sont munies d’une armoire.

Un petit-déjeuner buffet, continental ou américain est proposé chaque matin. Le Renaissance Paris Arc de Triomphe Hotel possède un restaurant servant une cuisine méditerranéenne. Des plats végétariens, végétaliens et sans gluten sont également préparés sur demande.

Le personnel de la réception ouverte 24h/24 parle allemand, anglais, arabe et espagnol.

L'arc de Triomphe se trouve à 700 mètres, tandis que le Palais des Congrès de Paris vous attend à 1,7 km de l’établissement. L’aéroport de Paris-Orly est situé à 23 km.",,{},,,
189,https://www.booking.com/hotel/fr/le-saint-hotel-paris.fr.html?aid=304142&label=gen173nr-1FCAQoggJCDHNlYXJjaF9wYXJpc0gzWARoTYgBAZgBDbgBB8gBDNgBAegBAfgBA4gCAagCA7gC96enuwbAAgHSAiQ5ZjEyZmI3YS05ZmIwLTQ3ZmYtYjM4My0yZGZmNDVmZTA5YTHYAgXgAgE&ucfs=1&arphpl=1&group_adults=2&req_adults=2&no_rooms=1&group_children=0&req_children=0&hpos=15&hapos=190&sr_order=popularity&nflt=SustainablePropertyLevelFilter%3D4&srpvid=524095fbb1e5017d&srepoch=1734989095&from_sustainable_property_sr=1&from=searchresults,"Doté d'une connexion Wi-Fi gratuite et d'un bistro-restaurant, l'établissement Pavillon Faubourg Saint-Germain & Spa vous propose des hébergements à Paris, à seulement 500 mètres de Saint-Germain-des-Prés. Vous pourrez savourer, près de la cheminée en pierre du salon, une boisson ou un verre de vin commandés au bar sur place.

Décorées dans des tons chauds, toutes les chambres du Pavillon Faubourg Saint-Germain & Spa sont équipées d'une télévision à écran plat et d'une bouilloire électrique, ainsi que de chaussons et d'articles de toilette gratuits. Certaines chambres possèdent un coin salon.

Le petit-déjeuner est servi tous les matins moyennant des frais supplémentaires. Vous pourrez le déguster dans le confort de votre chambre, sur demande auprès de la réception ouverte 24h/24.

Pavillon Faubourg Saint-Germain & Spa se tient à 600 mètres du musée d'Orsay et à 700 mètres du musée du Louvre. L'aéroport de Paris-Orly, le plus proche, est quant à lui distant de 14 km.",,{},,,
190,https://www.booking.com/hotel/fr/melia-paris-champs-elysees.fr.html?aid=304142&label=gen173nr-1FCAQoggJCDHNlYXJjaF9wYXJpc0gzWARoTYgBAZgBDbgBB8gBDNgBAegBAfgBA4gCAagCA7gC96enuwbAAgHSAiQ5ZjEyZmI3YS05ZmIwLTQ3ZmYtYjM4My0yZGZmNDVmZTA5YTHYAgXgAgE&ucfs=1&arphpl=1&group_adults=2&req_adults=2&no_rooms=1&group_children=0&req_children=0&hpos=16&hapos=191&sr_order=popularity&nflt=SustainablePropertyLevelFilter%3D4&srpvid=524095fbb1e5017d&srepoch=1734989095&from_sustainable_property_sr=1&from=searchresults,"Le Melia Paris Champs Elysées vous accueille à proximité des Champs-Élysées et de la tour Eiffel. Vous pourrez aisément rejoindre le quartier de La Défense et le palais des congrès de la Porte Maillot. Vous profiterez d'une connexion Internet gratuite dans l'ensemble de cet hôtel entièrement non-fumeurs.

Toutes les chambres du Melia Paris Champs Elysées disposent d'une salle de bains privative, de la climatisation et d'une bouilloire électrique. Elles sont aussi dotées d'une ligne de téléphone directe et de la télévision par satellite.

Le matin, vous pourrez savourer un petit-déjeuner buffet au restaurant ou dans votre chambre. De midi à 22h30, un service d'étage est assuré par un restaurant réputé situé place Victor Hugo.

Bénéficiant d'un emplacement idéal pour visiter les sites d'intérêt de la capitale, le Melia Paris Champs Elysées se trouve à 2 minutes à pied de la station de métro Victor Hugo (sur la ligne 2) et du Trocadéro.",,{},,,
191,https://www.booking.com/hotel/fr/bel-ami.fr.html?aid=304142&label=gen173nr-1FCAQoggJCDHNlYXJjaF9wYXJpc0gzWARoTYgBAZgBDbgBB8gBDNgBAegBAfgBA4gCAagCA7gC96enuwbAAgHSAiQ5ZjEyZmI3YS05ZmIwLTQ3ZmYtYjM4My0yZGZmNDVmZTA5YTHYAgXgAgE&ucfs=1&arphpl=1&group_adults=2&req_adults=2&no_rooms=1&group_children=0&req_children=0&hpos=17&hapos=192&sr_order=popularity&nflt=SustainablePropertyLevelFilter%3D4&srpvid=524095fbb1e5017d&srepoch=1734989095&from_sustainable_property_sr=1&from=searchresults,"Situé au cœur de Saint-Germain-des-Prés, l'Hôtel Bel Ami propose une salle de sport et un sauna, à 10 minutes à pied du musée du Louvre.

Les chambres comprennent une connexion Wi-Fi gratuite, un minibar et une télévision à écran plat. Certaines offrent une vue sur Saint-Germain-des-Prés.

Chaque matin, un petit déjeuner buffet est servi au café de l'hôtel qui s'ouvre sur la rue Saint Benoit. Vous pourrez vous détendre avec un cocktail au bar du Bel Ami, qui prépare également une sélection de collations légères et de pâtisseries.

L'Hôtel Bel Ami se trouve à 140 mètres de la station de métro Saint-Germain-des-Prés. La cathédrale Notre-Dame et le quartier latin de Paris sont à seulement 15 minutes à pied.",,{},,,
192,https://www.booking.com/hotel/fr/brach-paris.fr.html?aid=304142&label=gen173nr-1FCAQoggJCDHNlYXJjaF9wYXJpc0gzWARoTYgBAZgBDbgBB8gBDNgBAegBAfgBA4gCAagCA7gC96enuwbAAgHSAiQ5ZjEyZmI3YS05ZmIwLTQ3ZmYtYjM4My0yZGZmNDVmZTA5YTHYAgXgAgE&ucfs=1&arphpl=1&group_adults=2&req_adults=2&no_rooms=1&group_children=0&req_children=0&hpos=18&hapos=193&sr_order=popularity&nflt=SustainablePropertyLevelFilter%3D4&srpvid=524095fbb1e5017d&srepoch=1734989095&from_sustainable_property_sr=1&from=searchresults,"Situé à Paris, dans le 16ème arrondissement, à proximité de la tour Eiffel et du Trocadéro, l’établissement 5 étoiles de style parisien Brach Paris - Evok Collection propose une salle de sport avec des piscines, un sauna, un hammam et des salles de massage, ainsi qu’un salon de coiffure. Vous profiterez de cours collectifs de sport gratuits, ainsi que d’un service d’entraîneur privé moyennant des frais supplémentaires.

Lumineuses et spacieuses, les chambres et les suites sont entièrement équipées et insonorisées. Elles comprennent une chaîne hi-fi haut de gamme, des articles de toilette personnalisés, une literie de qualité, un dressing et un élégant bureau. Certaines chambres et suites s’ouvrent sur une terrasse et offrent une vue sur Paris et les façades haussmanniennes.

Un petit-déjeuner est servi chaque matin sur place. Ouvert 7j/7 toute la journée, le restaurant du Brach Paris - Evok Collection prépare des plats équilibrés et inspirés de la cuisine méditerranéenne à la carte. Vous pourrez également déguster des pâtisseries créées par Yann Brys, Meilleur Ouvrier de France, ainsi que des cocktails en fin de soirée.

La réception ouverte 24h/24 et 7j/7, avec sa grande terrasse, vous attend au 1er étage. L’établissement assure des services de limousine privée et de voiturier. Le service de conciergerie se fera un plaisir de vous organiser une variété de services dans tout Paris. Un centre d'affaires et un service d'étage assuré 24h/24 sont également à votre disposition.

L'aéroport de Paris-Orly, le plus proche, est situé à 21 km de l’hôtel. L’aéroport de Paris-Charles-de-Gaulle se trouve à 30 km de l’établissement.",,{},,,
193,https://www.booking.com/hotel/fr/citadines-aparthotel-louvre.fr.html?aid=304142&label=gen173nr-1FCAQoggJCDHNlYXJjaF9wYXJpc0gzWARoTYgBAZgBDbgBB8gBDNgBAegBAfgBA4gCAagCA7gC96enuwbAAgHSAiQ5ZjEyZmI3YS05ZmIwLTQ3ZmYtYjM4My0yZGZmNDVmZTA5YTHYAgXgAgE&ucfs=1&arphpl=1&group_adults=2&req_adults=2&no_rooms=1&group_children=0&req_children=0&hpos=19&hapos=194&sr_order=popularity&nflt=SustainablePropertyLevelFilter%3D4&srpvid=524095fbb1e5017d&srepoch=1734989095&from_sustainable_property_sr=1&from=searchresults,"L'établissement La Clef Louvre Paris by The Crest Collection est situé dans le centre-ville de Paris, en face de la Comédie-Française, à 500 mètres du musée du Louvre et du Jardin des Tuileries. Il propose des suites modernes climatisées avec kitchenette entièrement équipée.

Les suites bénéficient d'une connexion Internet gratuite, d'une télévision par satellite et d'un plateau/bouilloire. Le petit-déjeuner buffet, servi tous les matins dans le salon commun, se compose de produits frais locaux.

L'établissement La Clef Louvre Paris by The Crest Collection possède une salle de sport ainsi qu'une réception ouverte 24h/24 assurant des services de blanchisserie et de nettoyage à sec. Vous pourrez vous détendre dans le salon équipé d'une télévision à écran LCD, d'un ordinateur avec imprimante et d'une connexion Internet gratuite.

La Clef Louvre Paris by The Crest Collection se trouve à 100 mètres de la rue Saint-Honoré et à 800 mètres de l'Opéra. La station de métro Palais Royal - Musée du Louvre, permettant un accès direct à la Bastille et La Défense, se situe à 140 mètres.",,{},,,
194,https://www.booking.com/hotel/fr/nolinski-paris.fr.html?aid=304142&label=gen173nr-1FCAQoggJCDHNlYXJjaF9wYXJpc0gzWARoTYgBAZgBDbgBB8gBDNgBAegBAfgBA4gCAagCA7gC96enuwbAAgHSAiQ5ZjEyZmI3YS05ZmIwLTQ3ZmYtYjM4My0yZGZmNDVmZTA5YTHYAgXgAgE&ucfs=1&arphpl=1&group_adults=2&req_adults=2&no_rooms=1&group_children=0&req_children=0&hpos=20&hapos=195&sr_order=popularity&nflt=SustainablePropertyLevelFilter%3D4&srpvid=524095fbb1e5017d&srepoch=1734989095&from_sustainable_property_sr=1&from=searchresults,"Le Nolinski Paris - Evok Collection est situé dans le 1er arrondissement de Paris, à 500 mètres du jardin des Tuileries et à proximité du quartier commerçant de la rue du Faubourg Saint-Honoré. Cet hôtel 5 étoiles parisien propose un spa avec une piscine, un sauna, un hammam et des salles de massage. et où vous pourrez apprécier des produits de beauté La Colline.

Spacieuses et lumineuses, les chambres et suites de l’hôtel sont dotées de rideaux somptueux, de tapis moelleux, d’une literie de qualité, de grandes armoires et d’un bureau élégant. Des peignoirs et des chaussons sont fournis pour davantage de confort. Certaines chambres possèdent des fenêtres et un balcon donnant sur le cœur de Paris.

Au Nolinski Le Restaurant, vous pourrez déguster des plats créés par le chef exécutif de l'hôtel, Philip Chronopoulos, dans un décor signé par le designer anglais John Whelan, qui a mêlé le style Art déco avec l’esprit des années 1970.

Au Grand Salon, vous pourrez vous détendre avec une tasse de thé, goûter des plats méditerranéens au déjeuner et au dîner, ou déguster un cocktail en fin de soirée. Vous aurez également la possibilité de déjeuner ou de dîner au restaurant gastronomique Palais Royal récompensé de 2 étoiles au guide Michelin, situé à proximité de l’établissement.

Le personnel de la réception du Nolinski Paris - Evok Collection est disponible 24h/24 et 7j/7. L’hôtel se trouve à moins de 1 km du musée du Louvre et de l’opéra Garnier. L’aéroport de Paris-Orly, le plus proche, est accessible à 15 km du Nolinski Paris - Evok Collection.",,{},,,
195,https://www.booking.com/hotel/fr/cour-des-vosges-paris12.fr.html?aid=304142&label=gen173nr-1FCAQoggJCDHNlYXJjaF9wYXJpc0gzWARoTYgBAZgBDbgBB8gBDNgBAegBAfgBA4gCAagCA7gC96enuwbAAgHSAiQ5ZjEyZmI3YS05ZmIwLTQ3ZmYtYjM4My0yZGZmNDVmZTA5YTHYAgXgAgE&ucfs=1&arphpl=1&group_adults=2&req_adults=2&no_rooms=1&group_children=0&req_children=0&hpos=21&hapos=196&sr_order=popularity&nflt=SustainablePropertyLevelFilter%3D4&srpvid=524095fbb1e5017d&srepoch=1734989095&from_sustainable_property_sr=1&from=searchresults,"Overlooking Paris's oldest planned square, the Place des Vosges, the Cour des Vosges - Evok Collection offers upscale accommodation in the Marais district, 450 metres from Place de la Bastille. The hotel boasts facilities such as a Roman Bath, in-room massages and a personal trainer.

Each room at the Cour des Vosges - Evok Collection has a private bathroom complete with bathrobes, slippers and toiletries. There is also a flat-screen TV, a streaming service and a minibar. Some rooms feature a kitchenette.

An à la carte breakfast is served each morning at the Cour des Vosges - Evok Collection, and guests can also enjoy breakfast from the comfort of their room. Guests can dine in the hotel's restaurant and there is a 24-hour front desk.

Pompidou Centre is 1.7 km from the hotel, while Sainte-Chapelle is 1.8 km from the property. The nearest airport is Paris - Orly Airport, 16 km from Cour des Vosges - Evok Collection.",,{},,,
196,https://www.booking.com/hotel/fr/renaissance-paris-vendome.fr.html?aid=304142&label=gen173nr-1FCAQoggJCDHNlYXJjaF9wYXJpc0gzWARoTYgBAZgBDbgBB8gBDNgBAegBAfgBA4gCAagCA7gC96enuwbAAgHSAiQ5ZjEyZmI3YS05ZmIwLTQ3ZmYtYjM4My0yZGZmNDVmZTA5YTHYAgXgAgE&ucfs=1&arphpl=1&group_adults=2&req_adults=2&no_rooms=1&group_children=0&req_children=0&hpos=22&hapos=197&sr_order=popularity&nflt=SustainablePropertyLevelFilter%3D4&srpvid=524095fbb1e5017d&srepoch=1734989095&from_sustainable_property_sr=1&from=searchresults,,,{},,,
197,https://www.booking.com/hotel/fr/de-sers.fr.html?aid=304142&label=gen173nr-1FCAQoggJCDHNlYXJjaF9wYXJpc0gzWARoTYgBAZgBDbgBB8gBDNgBAegBAfgBA4gCAagCA7gC96enuwbAAgHSAiQ5ZjEyZmI3YS05ZmIwLTQ3ZmYtYjM4My0yZGZmNDVmZTA5YTHYAgXgAgE&ucfs=1&arphpl=1&group_adults=2&req_adults=2&no_rooms=1&group_children=0&req_children=0&hpos=23&hapos=198&sr_order=popularity&nflt=SustainablePropertyLevelFilter%3D4&srpvid=524095fbb1e5017d&srepoch=1734989095&from_sustainable_property_sr=1&from=searchresults,"L'Hôtel De Sers vous accueille dans un manoir du XIXe siècle, situé à seulement 400 mètres de l'avenue des Champs-Élysées. Il vous propose une cour, une connexion Wi-Fi gratuite, un sauna ainsi qu'un hammam.

Climatisées et insonorisées, toutes les chambres disposent d'une télévision à écran plat et d'un lecteur DVD/CD. Chacune d'elles comprend également des équipements de qualité tels qu'une salle de bains en marbre ou du mobilier en bois de rose. La plupart des suites offrent une vue superbe sur la capitale.

Le restaurant de l'hôtel se situe au bout de la galerie de portraits de l'hôtel et donne sur une cour arborée. Vous pourrez dîner dans sa salle à manger pourvue d'un décor en marbre ou sur la terrasse en été. Paré de boiseries et d'un comptoir en marbre, le S'Ba sert un grand choix de cocktails.

L'Hôtel De Sers se trouve à 5 minutes à pied des stations de métro George V et Alma - Marceau, qui vous permettront de rejoindre tous les sites célèbres de Paris. Sur réservation préalable, des massages et des transferts aéroport peuvent être organisés.",,{},,,
198,https://www.booking.com/hotel/fr/grand-powers.fr.html?aid=304142&label=gen173nr-1FCAQoggJCDHNlYXJjaF9wYXJpc0gzWARoTYgBAZgBDbgBB8gBDNgBAegBAfgBA4gCAagCA7gC96enuwbAAgHSAiQ5ZjEyZmI3YS05ZmIwLTQ3ZmYtYjM4My0yZGZmNDVmZTA5YTHYAgXgAgE&ucfs=1&arphpl=1&group_adults=2&req_adults=2&no_rooms=1&group_children=0&req_children=0&hpos=24&hapos=199&sr_order=popularity&nflt=SustainablePropertyLevelFilter%3D4&srpvid=524095fbb1e5017d&srepoch=1734989095&from_sustainable_property_sr=1&from=searchresults,"Le Grand Powers est situé dans le triangle d'or à Paris, dans le 8ème arrondissement. Cet hôtel de charme 5 étoiles compte un spa avec hammam, sauna et jacuzzi.

Certaines chambres et suites sont décorées avec du parquet et une cheminée, tandis que plusieurs possèdent un balcon offrant une vue sur la tour Eiffel. Chaque hébergement dispose d'une télévision connectée et d'une machine à café Nespresso. Leur salle de bains est pourvue d'articles de toilette Dyptique.

L'établissement vous servira un petit-déjeuner buffet américain chaque matin. Vous pourrez prendre vos repas ou un verre au bar-restaurant Café 52.

Le personnel de la conciergerie Clefs d'Or se fera un plaisir de vous fournir des informations sur les environs.

Les Champs-Élysées sont à 250 mètres du Grand Powers, tandis que l'avenue Montaigne se situe à 350 mètres. Enfin, vous rejoindrez l'aéroport de Paris-Orly à 18 km.",,{},,,
199,https://www.booking.com/hotel/fr/novotel-suites-paris-expo-pte-versailles.fr.html?aid=304142&label=gen173nr-1FCAQoggJCDHNlYXJjaF9wYXJpc0gzWARoTYgBAZgBDbgBB8gBDNgBAegBAfgBA4gCAagCA7gC96enuwbAAgHSAiQ5ZjEyZmI3YS05ZmIwLTQ3ZmYtYjM4My0yZGZmNDVmZTA5YTHYAgXgAgE&ucfs=1&arphpl=1&group_adults=2&req_adults=2&no_rooms=1&group_children=0&req_children=0&hpos=25&hapos=200&sr_order=popularity&nflt=SustainablePropertyLevelFilter%3D4&srpvid=524095fbb1e5017d&srepoch=1734989095&from_sustainable_property_sr=1&from=searchresults,"Le Novotel Suites Paris Expo Porte de Versailles se situe dans le sud de Paris, à seulement 13 km de l’aéroport de Paris-Orly et à quelques mètres de la station de métro Porte de Vanves reliant directement le centre-ville. L’établissement comprend une salle de sport ouverte 24h/24 ainsi que des suites spacieuses, climatisées et insonorisées. Vous profiterez d’une connexion Wi-Fi gratuite dans l’ensemble des locaux.

Toutes les suites incluent une télévision à écran plat et un coin salon propice à la détente. Chacune comporte une salle de bains privative, une machine à café et un micro-ondes. Des articles de toilette gratuits et un sèche-cheveux sont fournis pour votre confort.

Le Novotel Suites Paris Expo Porte de Versailles dispose d’une aire de jeux pour enfants et d’une réception ouverte 24h/24. Vous trouverez également un bar et un snack-bar ouvert de 10h00 à minuit.

Paris expo - Porte de Versailles se trouve à 1,3 km du Novotel Suites Paris Expo Porte de Versailles et peut être directement rejoint depuis l'hôtel via le Tramway T3A porte de Vanves à 90 mètres.",,{},,,
200,https://www.booking.com/hotel/fr/scribe-paris.fr.html?aid=304142&label=gen173nr-1FCAQoggJCDHNlYXJjaF9wYXJpc0gzWARoTYgBAZgBDbgBB8gBDNgBAegBAfgBA4gCAagCA7gC96enuwbAAgHSAiQ5ZjEyZmI3YS05ZmIwLTQ3ZmYtYjM4My0yZGZmNDVmZTA5YTHYAgXgAgE&ucfs=1&arphpl=1&group_adults=2&req_adults=2&no_rooms=1&group_children=0&req_children=0&hpos=1&hapos=201&sr_order=popularity&nflt=SustainablePropertyLevelFilter%3D4&srpvid=524095fbb1e5017d&srepoch=1734989145&from_sustainable_property_sr=1&from=searchresults,"L’hôtel 5 étoiles Sofitel Le Scribe Paris Opera propose des hébergements à 200 mètres du célèbre opéra Garnier et à 500 mètres des boutiques de luxe de la place Vendôme. Vous bénéficierez gratuitement de l’accès à une salle de sport ainsi qu'à un spa doté d’un hammam.

Décorées dans un style élégant, les chambres sont équipées d'une télévision par satellite à écran LCD, d'un minibar et d'un plateau/bouilloire. Les salles de bains privatives sont pourvues d'une baignoire, de peignoirs, de chaussons et d'articles de toilette Balmain.

Le restaurant, Le Café Scribe vous accueille sous sa verrière dans un cadre romantique et contemporain. Vous trouverez sur place une bibliothèque en mezzanine. L’Hotel Scribe Paris sert également des thés du monde entier accompagnés de pâtisseries françaises.

Un service de voiturier est assuré, et un parking est accessible à proximité. Une connexion Wi-Fi est disponible dans tout l'hôtel, et un service de change est disponible à la réception ouverte 24h/24.

Le centre commercial Galerie Lafayette est à seulement 3 minutes de marche. D’autres lieux touristiques sont accessibles depuis la station de métro Opéra, notamment le musée du Louvre. Les navettes aéroport Air France et RoissyBus partent également de l'opéra Garnier, situé à 250 mètres.",,{},,,
201,https://www.booking.com/hotel/fr/marquis-faubourg-saint-honora-c.fr.html?aid=304142&label=gen173nr-1FCAQoggJCDHNlYXJjaF9wYXJpc0gzWARoTYgBAZgBDbgBB8gBDNgBAegBAfgBA4gCAagCA7gC96enuwbAAgHSAiQ5ZjEyZmI3YS05ZmIwLTQ3ZmYtYjM4My0yZGZmNDVmZTA5YTHYAgXgAgE&ucfs=1&arphpl=1&group_adults=2&req_adults=2&no_rooms=1&group_children=0&req_children=0&hpos=2&hapos=202&sr_order=popularity&nflt=SustainablePropertyLevelFilter%3D4&srpvid=524095fbb1e5017d&srepoch=1734989145&from_sustainable_property_sr=1&from=searchresults,"Installé au cœur du quartier de la haute couture, près de la place de la Concorde, le Marquis Faubourg Saint-Honoré Relais & Châteaux vous propose 15 suites, une salle de sport, des services de spa, des suites luxueuses, une connexion Wi-Fi gratuite, des équipements ultramodernes, une réception ouverte 24h/24 et plus encore.

L’hôtel est situé à 10 minutes à pied de l’avenue des Champs-Elysées.

Toutes les chambres sont climatisées et comprennent un minibar ainsi qu’une télévision à écran plat. Les salles de bains en marbre sont entièrement équipées, avec notamment un sèche-cheveux et des articles de toilette gratuits.

Vous disposerez également d’un plateau/bouilloire.

Chaque matin, vous pourrez savourer un petit-déjeuner buffet.

La place de la Concorde vous attend à quelques pas. Le grand magasin Galeries Lafayette et le jardin des Tuileries sont accessibles en 10 minutes de marche.

Le Marquis Faubourg Saint-Honoré se trouve à 40 minutes en voiture de l’aéroport de Paris-Charles de Gaulle et à 4 km de la gare de l’Est.",,{},,,
202,https://www.booking.com/hotel/fr/lutetia-paris12.fr.html?aid=304142&label=gen173nr-1FCAQoggJCDHNlYXJjaF9wYXJpc0gzWARoTYgBAZgBDbgBB8gBDNgBAegBAfgBA4gCAagCA7gC96enuwbAAgHSAiQ5ZjEyZmI3YS05ZmIwLTQ3ZmYtYjM4My0yZGZmNDVmZTA5YTHYAgXgAgE&ucfs=1&arphpl=1&group_adults=2&req_adults=2&no_rooms=1&group_children=0&req_children=0&hpos=3&hapos=203&sr_order=popularity&nflt=SustainablePropertyLevelFilter%3D4&srpvid=524095fbb1e5017d&srepoch=1734989145&from_sustainable_property_sr=1&from=searchresults,"L’Hotel Lutetia est un établissement de luxe emblématique situé dans le quartier de Saint-Germain-des-Prés. Implanté sur la rive gauche de la Seine, il se trouve à 5 minutes à pied du grand magasin Le Bon Marché et à 2 km du Musée du Louvre.

Véritable lieu d’intérêt parisien, l’hôtel propose 184 chambres, dont 40 suites et 7 suites signature. Tous les hébergements disposent d'une connexion Wi-Fi gratuite, de systèmes multimédia et de salles de bains en marbre. Certaines chambres comprennent un balcon donnant sur la tour Eiffel, tandis que certaines suites sont pourvues d’un toit-terrasse jouissant d’une vue à 360 degrés sur Paris.

Après une journée bien remplie, vous pourrez vous détendre au spa Akasha doté d’une salle de sport, d’un sauna, d’un hammam et d’une piscine intérieure de 17 mètres de long profitant d’un éclairage naturel. Par ailleurs, une large gamme de soins de spa est dispensée moyennant des frais supplémentaires.

Plusieurs types de petits-déjeuners vous seront proposés chaque matin, y compris des formules sans gluten, halal, kasher et végétariennes. Pour le déjeuner et le dîner, vous pourrez vous rendre à la célèbre brasserie Lutetia ou au restaurant Saint-Germain. Vous aurez également accès à deux cours intérieures différentes, où vous aurez la possibilité de prendre un repas léger. L’hôtel dispose aussi d’un élégant salon à cigares et d’un bar de jazz conçu par Jean Michel Willmotte.",,{},,,
203,https://www.booking.com/hotel/fr/princedegalleshotel.fr.html?aid=304142&label=gen173nr-1FCAQoggJCDHNlYXJjaF9wYXJpc0gzWARoTYgBAZgBDbgBB8gBDNgBAegBAfgBA4gCAagCA7gC96enuwbAAgHSAiQ5ZjEyZmI3YS05ZmIwLTQ3ZmYtYjM4My0yZGZmNDVmZTA5YTHYAgXgAgE&ucfs=1&arphpl=1&group_adults=2&req_adults=2&no_rooms=1&group_children=0&req_children=0&hpos=4&hapos=204&sr_order=popularity&nflt=SustainablePropertyLevelFilter%3D4&srpvid=524095fbb1e5017d&srepoch=1734989145&from_sustainable_property_sr=1&from=searchresults,"L’établissement Prince de Galles, a Luxury Collection Hotel, Paris a intrigué et séduit ses clients depuis son ouverture en 1929. Dans la célèbre capitale de la France, vous bénéficierez d’un service 5 étoiles dans un cadre élégant de style Art déco. Situé sur l'avenue George-V, à seulement quelques pas de l'emblématique avenue des Champs-Élysées, cet hôtel vous accueille à proximité de boutiques de luxe, de la beauté tranquille de la Seine et de fameux lieux d'intérêt comme l'Arc de Triomphe. La paisible suite bien-être vous invite à la détente et au renouveau. Les chambres et les suites sont parfaitement conçues et aménagées avec tout le confort nécessaire. Un grand nombre d’entre elles offrent une vue panoramique sur les toits de Paris. Tout au long de votre séjour, vous profiterez d’un service attentionné qui constitue la marque de cet hôtel de luxe depuis près d'un siècle. Le restaurant 19.20 de Norbert Tarayre propose des recettes culinaires mettant en avant Paris et la bistronomie française.
À la recherche de nouvelles expériences ? L'établissement se fera un plaisir de vous ouvrir les portes du luxe à la française.",,{},,,
204,https://www.booking.com/hotel/fr/le-bristol-paris.fr.html?aid=304142&label=gen173nr-1FCAQoggJCDHNlYXJjaF9wYXJpc0gzWARoTYgBAZgBDbgBB8gBDNgBAegBAfgBA4gCAagCA7gC96enuwbAAgHSAiQ5ZjEyZmI3YS05ZmIwLTQ3ZmYtYjM4My0yZGZmNDVmZTA5YTHYAgXgAgE&ucfs=1&arphpl=1&group_adults=2&req_adults=2&no_rooms=1&group_children=0&req_children=0&hpos=5&hapos=205&sr_order=popularity&nflt=SustainablePropertyLevelFilter%3D4&srpvid=524095fbb1e5017d&srepoch=1734989145&from_sustainable_property_sr=1&from=searchresults,"Icône de l'élégance et de l'art de vivre à la française, Le Bristol Paris - an Oetker Collection Hotel est situé à l'une des adresses les plus prestigieuses de la ville, rue du Faubourg Saint-Honoré. Premier des 31 hôtels français à recevoir la distinction « Palais », l'hôtel se trouve à quelques pas d'une poignée d'autres palais emblématiques, notamment l'Élysée, le Grand Palais et le Louvre.
Entièrement rénovées, les 190 chambres et suites (parmi les plus grandes de Paris) ont conservé toute leur sophistication classique avec un mobilier des époques Louis XV et Louis XVI et des œuvres d'art originales, le tout complété par une palette lumineuse et contemporaine de teintes douces, de boiseries somptueuses et d’intérieurs nobles. Les vues proposées d'un côté balaient les toits de Paris jusqu'à la Tour Eiffel et Montmartre. De l'autre, un jardin luxuriant de 1 200 m² offre une oasis de verdure et de calme.

Le Bristol est peut-être plus connu pour son exceptionnelle tradition gastronomique que l'hôtel perpétue depuis plus de 20 ans. Épicure, le restaurant phare du Bristol pour son menu dégustation et sa carte des vins primée,détient 3 étoiles Michelin depuis 2009. Le 114 Faubourg, un restaurant classique de style brasserie, conserve son étoile Michelin depuis 2013.
Les 2 restaurants offrent un rare tête-à-tête avec des ingrédients régionaux transformés en de délicieux plats préparés par des experts. Vous pourrez les déguster avec du pain aux céréales anciennes fait maison, du moulin à l’assiette en passant par le four.

Du matin au soir, il émane de l’hôtel une joie de vivre contagieuse. Le Café Antonia offre un refuge paisible, idéal pour déguster un repas léger ou un goûter préparé par le chef pâtissier, dans le bar du hall ou (si la saison le permet) dans le spectaculaire jardin de la cour. Quand la nuit tombe, Le Bar du Bristol s’éveille sous l’éclairage tamisé des néons violets, pour une soirée B.A.D (Bristol After Dark) typiquement parisienne. L'extraordinaire piscine sur le toit et la terrasse bien exposée, la salle de sport entièrement équipée, le hammam et le spa primé Le Bristol by La Prairie offrent de luxueuses possibilités de bien-être pour contrebalancer les plaisirs hédonistes. Sans oublier que les plus jeunes pourront profiter de soins spa conçus exclusivement pour les enfants en collaboration avec Bonpoint.

Une véritable élégance parisienne depuis 1925.",,{},,,
205,https://www.booking.com/hotel/fr/paris-cusset-opera.fr.html?aid=304142&label=gen173nr-1FCAQoggJCDHNlYXJjaF9wYXJpc0gzWARoTYgBAZgBDbgBB8gBDNgBAegBAfgBA4gCAagCA7gC96enuwbAAgHSAiQ5ZjEyZmI3YS05ZmIwLTQ3ZmYtYjM4My0yZGZmNDVmZTA5YTHYAgXgAgE&ucfs=1&arphpl=1&group_adults=2&req_adults=2&no_rooms=1&group_children=0&req_children=0&hpos=6&hapos=206&sr_order=popularity&nflt=SustainablePropertyLevelFilter%3D4&srpvid=524095fbb1e5017d&srepoch=1734989145&from_sustainable_property_sr=1&from=searchresults,"Situé au cœur de Paris, à seulement 600 mètres de l'opéra Garnier et des grands magasins Galeries Lafayette, le Mercure Paris Opera Louvre propose des chambres climatisées et élégantes ainsi qu'une connexion Wi-Fi gratuite.

Desservies par un ascenseur, toutes disposent d'une télévision par satellite à écran plat, d'un plateau/bouilloire et d'une salle de bains privative.

Un petit-déjeuner buffet vous sera servi dans la salle à manger du XVIIIe siècle. Vous pourrez déguster une sélection de collations et de boissons dans le confort de votre chambre en faisant appel au service d'étage, disponible de midi à minuit.

Le Mercure Paris Opera Louvre se trouve à quelques pas du musée du Louvre et du jardin des Tuileries. La station de métro Richelieu-Drouot est à 150 mètres de l'hôtel, tandis que la place de la Concorde est accessible en 22 minutes à pied.",,{},,,
206,https://www.booking.com/hotel/fr/paris-stendhal-place-vendome.fr.html?aid=304142&label=gen173nr-1FCAQoggJCDHNlYXJjaF9wYXJpc0gzWARoTYgBAZgBDbgBB8gBDNgBAegBAfgBA4gCAagCA7gC96enuwbAAgHSAiQ5ZjEyZmI3YS05ZmIwLTQ3ZmYtYjM4My0yZGZmNDVmZTA5YTHYAgXgAgE&ucfs=1&arphpl=1&group_adults=2&req_adults=2&no_rooms=1&group_children=0&req_children=0&hpos=7&hapos=207&sr_order=popularity&nflt=SustainablePropertyLevelFilter%3D4&srpvid=524095fbb1e5017d&srepoch=1734989145&from_sustainable_property_sr=1&from=searchresults,"Idéalement situé dans le centre de Paris, l'Hotel Stendhal Place Vendôme Paris - MGallery propose un petit-déjeuner buffet et une connexion Wi-Fi gratuite dans l'ensemble de ses locaux. Cet hôtel 4 étoiles propose un service d'étage et une réception ouverte 24h/24. Vous pourrez profiter d'un bar.

Les chambres climatisées comprennent un bureau, une machine à café, un minibar, un grille-pain, un coffre-fort, une télévision à écran plat et une salle de bains privative avec baignoire. Certaines offrent une vue sur la ville. Toutes les chambres disposent d'une armoire.

Vous séjournerez à proximité de l'opéra Garnier, de la gare Saint-Lazare et du musée du Louvre. L'aéroport de Paris-Orly est implanté à 18 km.",,{},,,
207,https://www.booking.com/hotel/fr/tielyseesfoch.fr.html?aid=304142&label=gen173nr-1FCAQoggJCDHNlYXJjaF9wYXJpc0gzWARoTYgBAZgBDbgBB8gBDNgBAegBAfgBA4gCAagCA7gC96enuwbAAgHSAiQ5ZjEyZmI3YS05ZmIwLTQ3ZmYtYjM4My0yZGZmNDVmZTA5YTHYAgXgAgE&ucfs=1&arphpl=1&group_adults=2&req_adults=2&no_rooms=1&group_children=0&req_children=0&hpos=8&hapos=208&sr_order=popularity&nflt=SustainablePropertyLevelFilter%3D4&srpvid=524095fbb1e5017d&srepoch=1734989145&from_sustainable_property_sr=1&from=searchresults,"Situé à Paris, l'établissement 4 étoiles Le Belgrand Hotel Paris Champs Elysées, Tapestry By Hilton propose un jardin et un bar. Doté d'une terrasse bien exposée, cet établissement se trouve à proximité de la tour Eiffel et du palais des congrès de Paris. Cet établissement non-fumeurs se trouve à moins de 1 km de l'Arc de Triomphe.

Vous disposerez également d'un réfrigérateur.

Un petit-déjeuner buffet, continental ou américain est servi tous les matins sur place.

Le personnel de la réception parle arabe, anglais et espagnol.

Vous séjournerez à 3,1 km du musée de l'Orangerie et à 3,2 km de la gare Saint-Lazare. L'aéroport de Paris-Orly est implanté à 22 km.",,{},,,
